Workbook

Sheet Control Matrix
A1: Control ID | B1: Control Description | C1: CSF Function | D1: NIST CSF 2.0 | E1: ISO 27001:2022 | F1: SOC 2 TSC | G1: OSFI Guideline | H1: Control Owner | I1: Test Frequency | J1: Last Tested | K1: Test Result | L1: Evidence Link
A2: C-001 | B2: Board-approved cybersecurity policy reviewed annually. | C2: Govern | D2: GV.PO-01 | E2: A.5.1 | F2: CC1.1 | G2: B-13 Governance and Risk Management | I2: Annual | K2: Not Tested
A3: C-002 | B3: Documented cyber risk appetite statement approved by executive committee. | C3: Govern | D3: GV.RM-01 | E3: Clause 6.1 | F3: CC3.1 | G3: B-13 Governance and Risk Management | I3: Annual | K3: Not Tested
A4: C-003 | B4: Third-party risk programme with documented tiering methodology. | C4: Govern | D4: GV.SC-01 | E4: A.5.19 | F4: CC9.2 | G4: B-10 Third-Party Risk Management | I4: Annual | K4: Not Tested
A5: C-004 | B5: Automated asset discovery feeding a maintained CMDB. | C5: Identify | D5: ID.AM-01 | E5: A.5.9 | F5: CC3.2 | G5: B-13 Technology Operations and Resilience | I5: Continuous | K5: Not Tested
A6: C-005 | B6: Quarterly authenticated vulnerability scans with tracked remediation SLAs. | C6: Identify | D6: ID.RA-01 | E6: A.8.8 | F6: CC7.1 | G6: B-13 Cyber Security | I6: Quarterly | K6: Not Tested
A7: C-006 | B7: Post-incident review completed within 14 days; plans updated accordingly. | C7: Identify | D7: ID.IM-04 | E7: A.5.27 | F7: CC4.2 | G7: E-21 Operational Resilience | I7: Per incident | K7: Not Tested
A8: C-007 | B8: Centralised identity management with quarterly access recertification. | C8: Protect | D8: PR.AA-01 | E8: A.5.15 | F8: CC6.1 | G8: B-13 Cyber Security | I8: Quarterly | K8: Not Tested
A9: C-008 | B9: Multi-factor authentication enforced on all internet-facing and privileged access. | C9: Protect | D9: PR.AA-03 | E9: A.8.5 | F9: CC6.1 | G9: B-13 Cyber Security | I9: Continuous | K9: Not Tested
A10: C-009 | B10: AES-256 encryption on all datastores holding customer information. | C10: Protect | D10: PR.DS-01 | E10: A.8.24 | F10: CC6.7 | G10: B-13 Cyber Security | I10: Continuous | K10: Not Tested
A11: C-010 | B11: Mandatory annual security awareness training with phishing simulations. | C11: Protect | D11: PR.AT-01 | E11: A.6.3 | F11: CC1.4 | G11: B-13 Governance and Risk Management | I11: Annual | K11: Not Tested
A12: C-011 | B12: SIEM ingesting network and authentication logs with 24/7 alerting. | C12: Detect | D12: DE.CM-01 | E12: A.8.16 | F12: CC7.2 | G12: B-13 Cyber Security | I12: Continuous | K12: Not Tested
A13: C-012 | B13: Security events triaged against documented severity criteria within 4 hours. | C13: Detect | D13: DE.AE-02 | E13: A.8.15 | F13: CC7.3 | G13: B-13 Cyber Security | I13: Continuous | K13: Not Tested
... A17: C-016 | B17: Quarterly restore testing with documented integrity verification. | C17: Recover | D17: RC.RP-05 | E17: A.8.13 | F17: A1.2 | G17: E-21 Operational Resilience | I17: Quarterly | K17: Not Tested

Sheet Summary
A1: Control Coverage Summary
A2: Counts update automatically from the Control Matrix sheet.
A4: CSF Function | B4: Controls | C4: Effective | D4: Partially Effective | E4: Ineffective | F4: Not Tested
A5: Govern | B5: =COUNTIF('Control Matrix'!$C$2:$C$17,$A5) | C5: =COUNTIFS('Control Matrix'!$C$2:$C$17,$A5,'Control Matrix'!$K$2:$K$17,"Effective") | D5: =COUNTIFS('Control Matrix'!$C$2:$C$17,$A5,'Control Matrix'!$K$2:$K$17,"Partially Effective") | E5: =COUNTIFS('Control Matrix'!$C$2:$C$17,$A5,'Control Matrix'!$K$2:$K$17,"Ineffective") | F5: =COUNTIFS('Control Matrix'!$C$2:$C$17,$A5,'Control Matrix'!$K$2:$K$17,"Not Tested")
A6: Identify | B6: =COUNTIF('Control Matrix'!$C$2:$C$17,$A6) | C6: =COUNTIFS('Control Matrix'!$C$2:$C$17,$A6,'Control Matrix'!$K$2:$K$17,"Effective") | D6: =COUNTIFS('Control Matrix'!$C$2:$C$17,$A6,'Control Matrix'!$K$2:$K$17,"Partially Effective") | E6: =COUNTIFS('Control Matrix'!$C$2:$C$17,$A6,'Control Matrix'!$K$2:$K$17,"Ineffective") | F6: =COUNTIFS('Control Matrix'!$C$2:$C$17,$A6,'Control Matrix'!$K$2:$K$17,"Not Tested")
A7: Protect | B7: =COUNTIF('Control Matrix'!$C$2:$C$17,$A7) | C7: =COUNTIFS('Control Matrix'!$C$2:$C$17,$A7,'Control Matrix'!$K$2:$K$17,"Effective") | D7: =COUNTIFS('Control Matrix'!$C$2:$C$17,$A7,'Control Matrix'!$K$2:$K$17,"Partially Effective") | E7: =COUNTIFS('Control Matrix'!$C$2:$C$17,$A7,'Control Matrix'!$K$2:$K$17,"Ineffective") | F7: =COUNTIFS('Control Matrix'!$C$2:$C$17,$A7,'Control Matrix'!$K$2:$K$17,"Not Tested")
A8: Detect | B8: =COUNTIF('Control Matrix'!$C$2:$C$17,$A8) | C8: =COUNTIFS('Control Matrix'!$C$2:$C$17,$A8,'Control Matrix'!$K$2:$K$17,"Effective") | D8: =COUNTIFS('Control Matrix'!$C$2:$C$17,$A8,'Control Matrix'!$K$2:$K$17,"Partially Effective") | E8: =COUNTIFS('Control Matrix'!$C$2:$C$17,$A8,'Control Matrix'!$K$2:$K$17,"Ineffective") | F8: =COUNTIFS('Control Matrix'!$C$2:$C$17,$A8,'Control Matrix'!$K$2:$K$17,"Not Tested")
A9: Respond | B9: =COUNTIF('Control Matrix'!$C$2:$C$17,$A9) | C9: =COUNTIFS('Control Matrix'!$C$2:$C$17,$A9,'Control Matrix'!$K$2:$K$17,"Effective") | D9: =COUNTIFS('Control Matrix'!$C$2:$C$17,$A9,'Control Matrix'!$K$2:$K$17,"Partially Effective") | E9: =COUNTIFS('Control Matrix'!$C$2:$C$17,$A9,'Control Matrix'!$K$2:$K$17,"Ineffective") | F9: =COUNTIFS('Control Matrix'!$C$2:$C$17,$A9,'Control Matrix'!$K$2:$K$17,"Not Tested")
A10: Recover | B10: =COUNTIF('Control Matrix'!$C$2:$C$17,$A10) | C10: =COUNTIFS('Control Matrix'!$C$2:$C$17,$A10,'Control Matrix'!$K$2:$K$17,"Effective") | D10: =COUNTIFS('Control Matrix'!$C$2:$C$17,$A10,'Control Matrix'!$K$2:$K$17,"Partially Effective") | E10: =COUNTIFS('Control Matrix'!$C$2:$C$17,$A10,'Control Matrix'!$K$2:$K$17,"Ineffective") | F10: =COUNTIFS('Control Matrix'!$C$2:$C$17,$A10,'Control Matrix'!$K$2:$K$17,"Not Tested")
A11: Total | B11: =SUM(B5:B10) | C11: =SUM(C5:C10) | D11: =SUM(D5:D10) | E11: =SUM(E5:E10) | F11: =SUM(F5:F10)
