Workbook

Sheet Summary
A1: Control Matrix — Summary
A2: Counts recalculate from the Control Matrix sheet. Test results are seeded from the NIST CSF maturity score for each function and are illustrative — replace them as controls are actually tested.
A4: NIST CSF 2.0 Function | B4: Controls | C4: Effective | D4: Partially Effective | E4: Ineffective | F4: Not Tested
A5: Govern | B5: =COUNTIF('Control Matrix'!$C$2:$C$18,A5) | C5: =COUNTIFS('Control Matrix'!$C$2:$C$18,$A5,'Control Matrix'!$K$2:$K$18,C$4) | D5: =COUNTIFS('Control Matrix'!$C$2:$C$18,$A5,'Control Matrix'!$K$2:$K$18,D$4) | E5: =COUNTIFS('Control Matrix'!$C$2:$C$18,$A5,'Control Matrix'!$K$2:$K$18,E$4) | F5: =COUNTIFS('Control Matrix'!$C$2:$C$18,$A5,'Control Matrix'!$K$2:$K$18,F$4)
A6: Identify | B6: =COUNTIF('Control Matrix'!$C$2:$C$18,A6) | C6: =COUNTIFS('Control Matrix'!$C$2:$C$18,$A6,'Control Matrix'!$K$2:$K$18,C$4) | D6: =COUNTIFS('Control Matrix'!$C$2:$C$18,$A6,'Control Matrix'!$K$2:$K$18,D$4) | E6: =COUNTIFS('Control Matrix'!$C$2:$C$18,$A6,'Control Matrix'!$K$2:$K$18,E$4) | F6: =COUNTIFS('Control Matrix'!$C$2:$C$18,$A6,'Control Matrix'!$K$2:$K$18,F$4)
A7: Protect | B7: =COUNTIF('Control Matrix'!$C$2:$C$18,A7) | C7: =COUNTIFS('Control Matrix'!$C$2:$C$18,$A7,'Control Matrix'!$K$2:$K$18,C$4) | D7: =COUNTIFS('Control Matrix'!$C$2:$C$18,$A7,'Control Matrix'!$K$2:$K$18,D$4) | E7: =COUNTIFS('Control Matrix'!$C$2:$C$18,$A7,'Control Matrix'!$K$2:$K$18,E$4) | F7: =COUNTIFS('Control Matrix'!$C$2:$C$18,$A7,'Control Matrix'!$K$2:$K$18,F$4)
A8: Detect | B8: =COUNTIF('Control Matrix'!$C$2:$C$18,A8) | C8: =COUNTIFS('Control Matrix'!$C$2:$C$18,$A8,'Control Matrix'!$K$2:$K$18,C$4) | D8: =COUNTIFS('Control Matrix'!$C$2:$C$18,$A8,'Control Matrix'!$K$2:$K$18,D$4) | E8: =COUNTIFS('Control Matrix'!$C$2:$C$18,$A8,'Control Matrix'!$K$2:$K$18,E$4) | F8: =COUNTIFS('Control Matrix'!$C$2:$C$18,$A8,'Control Matrix'!$K$2:$K$18,F$4)
A9: Respond | B9: =COUNTIF('Control Matrix'!$C$2:$C$18,A9) | C9: =COUNTIFS('Control Matrix'!$C$2:$C$18,$A9,'Control Matrix'!$K$2:$K$18,C$4) | D9: =COUNTIFS('Control Matrix'!$C$2:$C$18,$A9,'Control Matrix'!$K$2:$K$18,D$4) | E9: =COUNTIFS('Control Matrix'!$C$2:$C$18,$A9,'Control Matrix'!$K$2:$K$18,E$4) | F9: =COUNTIFS('Control Matrix'!$C$2:$C$18,$A9,'Control Matrix'!$K$2:$K$18,F$4)
A10: Recover | B10: =COUNTIF('Control Matrix'!$C$2:$C$18,A10) | C10: =COUNTIFS('Control Matrix'!$C$2:$C$18,$A10,'Control Matrix'!$K$2:$K$18,C$4) | D10: =COUNTIFS('Control Matrix'!$C$2:$C$18,$A10,'Control Matrix'!$K$2:$K$18,D$4) | E10: =COUNTIFS('Control Matrix'!$C$2:$C$18,$A10,'Control Matrix'!$K$2:$K$18,E$4) | F10: =COUNTIFS('Control Matrix'!$C$2:$C$18,$A10,'Control Matrix'!$K$2:$K$18,F$4)
A11: Total | B11: =SUM(B5:B10) | C11: =SUM(C5:C10) | D11: =SUM(D5:D10) | E11: =SUM(E5:E10) | F11: =SUM(F5:F10)
A14: Test result | B14: Controls | C14: % of total
A15: Effective | B15: =COUNTIF('Control Matrix'!$K$2:$K$18,A15) | C15: =IF($B$11=0,0,B15/$B$11)
A16: Partially Effective | B16: =COUNTIF('Control Matrix'!$K$2:$K$18,A16) | C16: =IF($B$11=0,0,B16/$B$11)
A17: Ineffective | B17: =COUNTIF('Control Matrix'!$K$2:$K$18,A17) | C17: =IF($B$11=0,0,B17/$B$11)
A18: Not Tested | B18: =COUNTIF('Control Matrix'!$K$2:$K$18,A18) | C18: =IF($B$11=0,0,B18/$B$11)

Sheet Control Matrix
A1: Control ID | B1: Control Description | C1: NIST CSF 2.0 Function | D1: NIST CSF 2.0 ID | E1: ISO 27001:2022 Control | F1: SOC 2 TSC | G1: OSFI Guideline | H1: Control Owner | I1: Test Frequency | J1: Last Tested | K1: Test Result | L1: Evidence Link
A2: FNB-C-01 | B2: Policy for managing cybersecurity risks is established, communicated and enforced. | C2: Govern | D2: GV.PO-01 | E2: A.5.1 | F2: CC1.1 | G2: B-13 — Governance and Risk Management | H2: Chief Information Security Officer | I2: Annual | J2: 2026-09-01 | K2: Partially Effective
A3: FNB-C-02 | B3: Risk management objectives are established and agreed to by stakeholders. | C3: Govern | D3: GV.RM-01 | E3: Clause 6.1 | F3: CC3.1 | G3: B-13 — Governance and Risk Management | H3: Chief Information Security Officer | I3: Annual | J3: 2026-09-01 | K3: Partially Effective
A4: FNB-C-03 | B4: Suppliers are known and prioritised by criticality. | C4: Govern | D4: GV.SC-04 | E4: A.5.19 | F4: CC9.2 | G4: B-10 — Third-Party Risk Management | H4: Chief Information Security Officer | I4: Quarterly | J4: 2026-09-01 | K4: Partially Effective
A5: FNB-C-04 | B5: Risks posed by suppliers and third parties are assessed and monitored across the relationship. | C5: Govern | D5: GV.SC-07 | E5: A.5.22 | F5: CC9.2 | G5: B-10 — Third-Party Risk Management | H5: Chief Information Security Officer | I5: Quarterly | J5: 2026-09-01 | K5: Partially Effective
A6: FNB-C-05 | B6: Inventories of hardware managed by the organisation are maintained. | C6: Identify | D6: ID.AM-01 | E6: A.5.9 | F6: CC6.1 | G6: B-13 — Technology Operations and Resilience | H6: Head of IT Asset Management | I6: Quarterly | J6: 2026-09-01 | K6: Partially Effective
A7: FNB-C-06 | B7: Vulnerabilities in assets are identified, validated and recorded. | C7: Identify | D7: ID.RA-01 | E7: A.8.8 | F7: CC7.1 | G7: B-13 — Cyber Security | H7: Head of IT Asset Management | I7: Quarterly | J7: 2026-09-01 | K7: Partially Effective
A8: FNB-C-07 | B8: Incident response and other cybersecurity plans are established, maintained and improved. | C8: Identify | D8: ID.IM-04 | E8: A.5.27 | F8: CC4.2 | G8: E-21 — Operational Risk and Resilience Management | H8: Head of IT Asset Management | I8: Per incident | J8: 2026-09-01 | K8: Partially Effective
A9: FNB-C-08 | B9: Identities and credentials for authorised users, services and hardware are managed. | C9: Protect | D9: PR.AA-01 | E9: A.5.15, A.8.5 | F9: CC6.1 | G9: B-13 — Cyber Security | H9: Head of Security Engineering | I9: Quarterly | J9: 2026-09-01 | K9: Effective
A10: FNB-C-09 | B10: Access permissions and authorisations are managed, incorporating least privilege and separation of duties. | C10: Protect | D10: PR.AA-05 | E10: A.5.18 | F10: CC6.3 | G10: B-13 — Cyber Security | H10: Head of Security Engineering | I10: Quarterly | J10: 2026-09-01 | K10: Effective
A11: FNB-C-10 | B11: The confidentiality, integrity and availability of data-at-rest are protected. | C11: Protect | D11: PR.DS-01 | E11: A.8.24 | F11: CC6.7 | G11: B-13 — Cyber Security | H11: Head of Security Engineering | I11: Semi-annual | J11: 2026-09-01 | K11: Effective
A12: FNB-C-11 | B12: Backups of data are created, protected, maintained and tested. | C12: Protect | D12: PR.DS-11 | E12: A.8.13 | F12: A1.2 | G12: E-21 — Operational Risk and Resilience Management | H12: Head of Security Engineering | I12: Quarterly | J12: 2026-09-01 | K12: Effective
A13: FNB-C-12 | B13: Personnel are provided awareness and training. | C13: Protect | D13: PR.AT-01 | E13: A.6.3 | F13: CC1.4 | G13: B-13 — Governance and Risk Management | H13: Head of Security Engineering | I13: Annual | J13: 2026-09-01 | K13: Effective
... A15: FNB-C-14 | B15: Potentially adverse events are analysed to better understand associated activities. | C15: Detect | D15: DE.AE-02 | E15: A.8.16 | F15: CC7.3 | G15: B-13 — Cyber Security | H15: Security Operations Centre Manager | I15: Monthly | J15: 2026-09-01 | K15: Partially Effective
A16: FNB-C-15 | B16: The incident response plan is executed in coordination with relevant third parties once an incident is declared. | C16: Respond | D16: RS.MA-01 | E16: A.5.24, A.5.26 | F16: CC7.4 | G16: B-13 — Cyber Security | H16: Incident Response Lead | I16: Annual | K16: Not Tested
A17: FNB-C-16 | B17: Internal and external stakeholders are notified of incidents. | C17: Respond | D17: RS.CO-02 | E17: A.6.8 | F17: CC2.2 | G17: Technology and Cyber Security Incident Reporting advisory — 24-hour reporting | H17: Incident Response Lead | I17: Per incident | K17: Not Tested
A18: FNB-C-17 | B18: The recovery portion of the incident response plan is executed once initiated. | C18: Recover | D18: RC.RP-01 | E18: A.5.29, A.5.30 | F18: A1.2 | G18: E-21 — Operational Risk and Resilience Management | H18: Head of Business Continuity | I18: Annual | J18: 2026-09-01 | K18: Effective
